JobTitle,Company,Location,Salary,PostDate,Summary,JobUrl
Flutter Engineer,Stealth Startup,New York City Metropolitan Area,,,3 weeks ago,https://www.linkedin.com/jobs/view/flutter-engineer-at-stealth-startup-2478353074?refId=3VVXRWAg3ZJIaAAf21GUAg%3D%3D&trackingId=Y%2BU2kwI7ry4481UL%2FjT59g%3D%3D&position=1&pageNum=0&trk=public_jobs_jserp-result_search-card
Flutter Developer,Copper Mobile,"Dallas, TX",,,3 weeks ago,https://www.linkedin.com/jobs/view/flutter-developer-at-copper-mobile-2531692086?refId=3VVXRWAg3ZJIaAAf21GUAg%3D%3D&trackingId=YjpoajcOXI073X7t4glozg%3D%3D&position=2&pageNum=0&trk=public_jobs_jserp-result_search-card
Flutter developer,ITExpertUS,"Schaumburg, IL",,,7 days ago,https://www.linkedin.com/jobs/view/flutter-developer-at-itexpertus-2549147360?refId=3VVXRWAg3ZJIaAAf21GUAg%3D%3D&trackingId=hOi%2BvAW6cqbmlpXflEHZog%3D%3D&position=3&pageNum=0&trk=public_jobs_jserp-result_search-card
Flutter Developer,The Plum Tree Group,"Georgia, United States",,,3 weeks ago,https://www.linkedin.com/jobs/view/flutter-developer-at-the-plum-tree-group-2531650927?refId=3VVXRWAg3ZJIaAAf21GUAg%3D%3D&trackingId=tOGBwLUZ%2FllnSsmBCOLSng%3D%3D&position=4&pageNum=0&trk=public_jobs_jserp-result_search-card
Flutter Developer,RemoteHub,"Denver, CO",,,4 weeks ago,https://www.linkedin.com/jobs/view/flutter-developer-at-remotehub-2526287785?refId=3VVXRWAg3ZJIaAAf21GUAg%3D%3D&trackingId=W%2FrcfHttNahIkOLQqkxTPg%3D%3D&position=5&pageNum=0&trk=public_jobs_jserp-result_search-card
Flutter Developer,RemoteHub,"Home, KS",,,4 weeks ago,https://www.linkedin.com/jobs/view/flutter-developer-at-remotehub-2525766496?refId=3VVXRWAg3ZJIaAAf21GUAg%3D%3D&trackingId=rhfQCVYd7I%2BWBgmRQcMKcA%3D%3D&position=6&pageNum=0&trk=public_jobs_jserp-result_search-card
Mobile App Developer - Flutter,Braintrust,"New York, NY",,,3 days ago,https://www.linkedin.com/jobs/view/mobile-app-developer-flutter-at-braintrust-2562477082?refId=3VVXRWAg3ZJIaAAf21GUAg%3D%3D&trackingId=mO38g6A2Ay0ZQ%2BgfjeCnXA%3D%3D&position=7&pageNum=0&trk=public_jobs_jserp-result_search-card
Flutter developer,ITExpertUS,"Schaumburg, IL",,,3 weeks ago,https://www.linkedin.com/jobs/view/flutter-developer-at-itexpertus-2549845446?refId=3VVXRWAg3ZJIaAAf21GUAg%3D%3D&trackingId=YIUbruDYYXdknzXa6QUKWg%3D%3D&position=8&pageNum=0&trk=public_jobs_jserp-result_search-card
Flutter Developer,RemoteHub,"California, United States",,,4 weeks ago,https://www.linkedin.com/jobs/view/flutter-developer-at-remotehub-2524149110?refId=3VVXRWAg3ZJIaAAf21GUAg%3D%3D&trackingId=b2Yksf%2BOToVnTulBoxmUlg%3D%3D&position=9&pageNum=0&trk=public_jobs_jserp-result_search-card
Flutter VIP Tour Guide,Flutter,"Los Angeles, CA",,,3 months ago,https://www.linkedin.com/jobs/view/flutter-vip-tour-guide-at-flutter-2477505144?refId=3VVXRWAg3ZJIaAAf21GUAg%3D%3D&trackingId=AJ6vzYS%2FYjC20nD64azRHQ%3D%3D&position=10&pageNum=0&trk=public_jobs_jserp-result_search-card
Flutter Developer,RemoteHub,"Searcy, AR",,,4 weeks ago,https://www.linkedin.com/jobs/view/flutter-developer-at-remotehub-2524889361?refId=3VVXRWAg3ZJIaAAf21GUAg%3D%3D&trackingId=bKJkUma4ztfBDmCGep%2BLdA%3D%3D&position=11&pageNum=0&trk=public_jobs_jserp-result_search-card
"Mobile Flutter Engineer, Fully Remote",Superformula,"New York, NY",,,2 weeks ago,https://www.linkedin.com/jobs/view/mobile-flutter-engineer-fully-remote-at-superformula-2543277580?refId=3VVXRWAg3ZJIaAAf21GUAg%3D%3D&trackingId=v44U8jPSrg%2FoEcxLF41%2BZQ%3D%3D&position=12&pageNum=0&trk=public_jobs_jserp-result_search-card
Software Engineer (Flutter) (Remote),KnowBe4,United States,,,1 month ago,https://www.linkedin.com/jobs/view/software-engineer-flutter-remote-at-knowbe4-2547069183?refId=3VVXRWAg3ZJIaAAf21GUAg%3D%3D&trackingId=33oJalYFh2ix7CxsWIBiLw%3D%3D&position=13&pageNum=0&trk=public_jobs_jserp-result_search-card
Flutter Developer Specialist,Torre,"Miami, FL",,,3 weeks ago,https://www.linkedin.com/jobs/view/flutter-developer-specialist-at-torre-2529529667?refId=3VVXRWAg3ZJIaAAf21GUAg%3D%3D&trackingId=%2B7yHHIvS9xNdg57L%2FkvZGQ%3D%3D&position=14&pageNum=0&trk=public_jobs_jserp-result_search-card
Flutter Engineer,umlaut company,"Michigan, United States",,,2 days ago,https://www.linkedin.com/jobs/view/flutter-engineer-at-umlaut-company-2563309006?refId=3VVXRWAg3ZJIaAAf21GUAg%3D%3D&trackingId=Db5b2iS0NaEsR24S%2FZrrfA%3D%3D&position=15&pageNum=0&trk=public_jobs_jserp-result_search-card
Flutter Developer Specialist,Torre,"San Francisco, CA",,,3 weeks ago,https://www.linkedin.com/jobs/view/flutter-developer-specialist-at-torre-2529533139?refId=3VVXRWAg3ZJIaAAf21GUAg%3D%3D&trackingId=UfbQxacYH9LzYi6zvRPrgw%3D%3D&position=16&pageNum=0&trk=public_jobs_jserp-result_search-card
Flutter Developer,Nexient,"Ann Arbor, MI",,,3 weeks ago,https://www.linkedin.com/jobs/view/flutter-developer-at-nexient-2516507105?refId=3VVXRWAg3ZJIaAAf21GUAg%3D%3D&trackingId=fdGv4QBcefre9OZWjKlXZQ%3D%3D&position=17&pageNum=0&trk=public_jobs_jserp-result_search-card
Head of Development - Flutter,Beology,"Los Angeles, CA",,,4 weeks ago,https://www.linkedin.com/jobs/view/head-of-development-flutter-at-beology-2527095300?refId=3VVXRWAg3ZJIaAAf21GUAg%3D%3D&trackingId=BMxX5BmKakYRKIP%2BUxsh5g%3D%3D&position=18&pageNum=0&trk=public_jobs_jserp-result_search-card
Flutter Mobile App Developer,Alkami Technology,"Plano, TX",,,,https://www.linkedin.com/jobs/view/flutter-mobile-app-developer-at-alkami-technology-2369617253?refId=3VVXRWAg3ZJIaAAf21GUAg%3D%3D&trackingId=%2BPOXuIJStgsIP%2Ftj93qrHA%3D%3D&position=19&pageNum=0&trk=public_jobs_jserp-result_search-card
Mobile Application Developer (Flutter),Nationwide,"Columbus, OH",,,4 weeks ago,https://www.linkedin.com/jobs/view/mobile-application-developer-flutter-at-nationwide-2522094348?refId=3VVXRWAg3ZJIaAAf21GUAg%3D%3D&trackingId=j%2FNu7Yc9ftT4TkaLzmgHDg%3D%3D&position=20&pageNum=0&trk=public_jobs_jserp-result_search-card
Flutter Developer Specialist,Torre,"Houston, TX",,,3 weeks ago,https://www.linkedin.com/jobs/view/flutter-developer-specialist-at-torre-2529531324?refId=3VVXRWAg3ZJIaAAf21GUAg%3D%3D&trackingId=4AmC370qIFiPLX8sJqBxEg%3D%3D&position=21&pageNum=0&trk=public_jobs_jserp-result_search-card
Remote Senior Mobile Engineer (Flutter),Scion Staffing,"Berkeley, CA",,,,https://www.linkedin.com/jobs/view/remote-senior-mobile-engineer-flutter-at-scion-staffing-2554081301?refId=3VVXRWAg3ZJIaAAf21GUAg%3D%3D&trackingId=VbqWItOd23oTn0D6HGaaSQ%3D%3D&position=22&pageNum=0&trk=public_jobs_jserp-result_search-card
Flutter Engineer,"iUNU, Inc.","Seattle, WA",,,2 months ago,https://www.linkedin.com/jobs/view/flutter-engineer-at-iunu-inc-2482167836?refId=3VVXRWAg3ZJIaAAf21GUAg%3D%3D&trackingId=u5I%2BTaHsANd930rwp2uH6w%3D%3D&position=23&pageNum=0&trk=public_jobs_jserp-result_search-card
FrontEnd developer (Flutter + Next.js) (Remote),X-Team,"New York, NY",,,1 week ago,https://www.linkedin.com/jobs/view/frontend-developer-flutter-%2B-next-js-remote-at-x-team-2550429393?refId=3VVXRWAg3ZJIaAAf21GUAg%3D%3D&trackingId=Zge8xp%2F%2Bvivgij7Gwym4Bw%3D%3D&position=24&pageNum=0&trk=public_jobs_jserp-result_search-card
